defense,param,attack_hits,attack_total,benign_hits,benign_total
none,,600,600,200,200
taintwatch,,0,600,172,200
taintwatch-coarse,,0,600,143,200
keyword,,162,600,166,200
scorer@0.5,0.5,63,600,182,200
scorer@1,1.0,121,600,182,200
scorer@1.5,1.5,144,600,182,200
scorer@2,2.0,186,600,182,200
scorer@2.5,2.5,186,600,182,200
scorer@3,3.0,248,600,187,200
scorer@3.5,3.5,321,600,200,200
scorer@4,4.0,362,600,200,200
scorer@5,5.0,462,600,200,200
scorer@6,6.0,538,600,200,200
spotlight@0,0.0,600,600,200,200
spotlight@0.25,0.25,466,600,200,200
spotlight@0.5,0.5,286,600,200,200
spotlight@0.75,0.75,159,600,200,200
spotlight@0.9,0.9,52,600,200,200
spotlight@0.95,0.95,25,600,200,200
spotlight@1,1.0,0,600,200,200
